{
  "test/icalp25hallu/2502.09440_2_hallucination_2.json": 0,
  "test/icalp25hallu/2502.09440_4_hallucination_5.json": 1,
  "test/icalp25hallu/2502.09440_8_hallucination_13.json": 0,
  "test/icalp25hallu/2410.09321_5_hallucination_7.json": 0,
  "test/icalp25hallu/2410.09321_6_hallucination_9.json": 0,
  "test/icalp25hallu/2410.09321_4_hallucination_3.json": 0,
  "test/icalp25hallu/2502.09440_10_hallucination_1.json": 1,
  "test/icalp25hallu/2502.08328_18_hallucination_12.json": 0,
  "test/icalp25hallu/2502.08328_11_hallucination_46.json": 0,
  "test/icalp25hallu/2502.08328_20_hallucination_34.json": 0,
  "test/icalp25hallu/2502.08328_34_hallucination_28.json": 0,
  "test/icalp25hallu/2502.09440_1_hallucination_32.json": 0,
  "test/icalp25hallu/2502.09440_6_hallucination_25.json": 0,
  "test/icalp25hallu/2502.09440_5_hallucination_10.json": 0,
  "test/icalp25hallu/2502.08328_29_hallucination_11.json": 0,
  "test/icalp25hallu/2502.08125_5_hallucination_43.json": 0,
  "test/icalp25hallu/2502.09440_7_hallucination_18.json": 1,
  "test/icalp25hallu/2502.08125_4_hallucination_0.json": 1,
  "test/icalp25hallu/2502.08125_1_hallucination_16.json": 0,
  "test/icalp25hallu/2502.08328_17_hallucination_31.json": 0,
  "test/icalp25hallu/2410.09321_3_hallucination_8.json": 0,
  "test/icalp25hallu/2502.08125_6_hallucination_14.json": 0,
  "test/icalp25hallu/2502.08328_19_hallucination_21.json": 0,
  "test/icalp25hallu/2410.09321_2_hallucination_49.json": 0,
  "test/icalp25hallu/2502.08328_24_hallucination_36.json": 0,
  "test/icalp25hallu/2502.08328_31_hallucination_27.json": 0,
  "test/icalp25hallu/2502.08328_22_hallucination_39.json": 0,
  "test/icalp25hallu/2502.08328_28_hallucination_48.json": 0,
  "test/icalp25hallu/2502.08328_27_hallucination_30.json": 0,
  "test/icalp25hallu/2502.08328_21_hallucination_23.json": 0,
  "test/icalp25hallu/2502.08328_25_hallucination_44.json": 1,
  "test/icalp25hallu/2410.09321_8_hallucination_35.json": 0,
  "test/icalp25hallu/2410.09321_11_hallucination_4.json": 0,
  "test/icalp25hallu/2502.08328_26_hallucination_29.json": 0,
  "test/icalp25hallu/2502.08125_2_hallucination_17.json": 1,
  "test/icalp25hallu/2502.08328_32_hallucination_22.json": 0,
  "test/icalp25hallu/2502.09440_3_hallucination_37.json": 1,
  "test/icalp25hallu/2410.09321_7_hallucination_20.json": 1,
  "test/icalp25hallu/2502.08125_3_hallucination_40.json": 0,
  "test/icalp25hallu/2410.09321_10_hallucination_26.json": 1,
  "test/icalp25hallu/2502.08125_7_hallucination_6.json": 1,
  "test/icalp25hallu/2502.08328_13_hallucination_15.json": 0,
  "test/icalp25hallu/2502.08328_33_hallucination_42.json": 0,
  "test/icalp25hallu/2502.08328_23_hallucination_38.json": 0,
  "test/icalp25hallu/2502.08125_0_hallucination_45.json": 0,
  "test/icalp25hallu/2502.09440_9_hallucination_19.json": 0,
  "test/icalp25hallu/2502.08328_15_hallucination_41.json": 0,
  "test/icalp25hallu/2502.08328_16_hallucination_24.json": 0,
  "test/icalp25hallu/2410.09321_9_hallucination_33.json": 1,
  "test/icalp25hallu/2502.08328_14_hallucination_47.json": 0
}