{
  "test/icalp25/2410.09321_5_switch_17.json": 1,
  "test/icalp25/2502.09440_5_original_2.json": 1,
  "test/icalp25/2410.09321_11_original_3.json": 1,
  "test/icalp25/2502.08328_27_original_74.json": 0,
  "test/icalp25/2502.09440_8_original_6.json": 1,
  "test/icalp25/2502.08328_21_paraphrase_15.json": 1,
  "test/icalp25/2502.09440_2_switch_15.json": 1,
  "test/icalp25/2502.09440_10_paraphrase_10.json": 1,
  "test/icalp25/2410.09321_2_original_5.json": 1,
  "test/icalp25/2502.08125_2_paraphrase_6.json": 1,
  "test/icalp25/2502.08125_6_original_1.json": 1,
  "test/icalp25/2502.09440_2_paraphrase_12.json": 1,
  "test/icalp25/2502.08125_5_original_8.json": 1,
  "test/icalp25/2502.08328_19_original_0.json": 1,
  "test/icalp25/2410.09321_6_switch_22.json": 1,
  "test/icalp25/2502.09440_8_incomplete_41.json": 1,
  "test/icalp25/2502.09440_4_incomplete_36.json": 0,
  "test/icalp25/2502.08328_29_incomplete_99.json": 1,
  "test/icalp25/2502.09440_8_paraphrase_19.json": 1,
  "test/icalp25/2502.08328_18_original_62.json": 1,
  "test/icalp25/2410.09321_6_paraphrase_10.json": 1,
  "test/icalp25/2502.09440_7_incomplete_52.json": 0,
  "test/icalp25/2410.09321_7_paraphrase_20.json": 1,
  "test/icalp25/2410.09321_5_incomplete_31.json": 0,
  "test/icalp25/2502.08328_19_paraphrase_7.json": 1,
  "test/icalp25/2502.08125_4_switch_14.json": 1,
  "test/icalp25/2502.09440_10_original_3.json": 1,
  "test/icalp25/2502.08125_5_incomplete_42.json": 0,
  "test/icalp25/2410.09321_3_paraphrase_8.json": 1,
  "test/icalp25/2502.08125_1_switch_15.json": 1,
  "test/icalp25/2410.09321_7_incomplete_44.json": 1,
  "test/icalp25/2502.08328_29_paraphrase_122.json": 1,
  "test/icalp25/2502.08125_0_original_4.json": 1,
  "test/icalp25/2502.09440_6_switch_26.json": 1,
  "test/icalp25/2502.08328_18_switch_29.json": 1,
  "test/icalp25/2502.08328_33_incomplete_120.json": 0,
  "test/icalp25/2410.09321_7_switch_24.json": 1,
  "test/icalp25/2502.09440_7_original_1.json": 1,
  "test/icalp25/2502.08328_33_original_32.json": 1,
  "test/icalp25/2502.08125_1_original_3.json": 1,
  "test/icalp25/2410.09321_11_paraphrase_7.json": 1,
  "test/icalp25/2502.08328_23_switch_71.json": 0,
  "test/icalp25/2502.08328_32_error_117.json": 0,
  "test/icalp25/2502.08328_25_original_120.json": 0,
  "test/icalp25/2502.08328_16_incomplete_80.json": 0,
  "test/icalp25/2410.09321_4_incomplete_47.json": 0,
  "test/icalp25/2502.08125_3_original_5.json": 1,
  "test/icalp25/2502.08328_17_error_126.json": 0,
  "test/icalp25/2502.09440_4_paraphrase_17.json": 1,
  "test/icalp25/2502.08328_15_error_119.json": 0,
  "test/icalp25/2502.08328_20_switch_37.json": 1,
  "test/icalp25/2502.08125_7_switch_16.json": 1,
  "test/icalp25/2502.08328_14_incomplete_97.json": 0,
  "test/icalp25/2502.09440_9_error_58.json": 0,
  "test/icalp25/2410.09321_6_error_45.json": 1,
  "test/icalp25/2502.08328_32_original_0.json": 0,
  "test/icalp25/2502.08125_3_switch_25.json": 1,
  "test/icalp25/2410.09321_4_original_2.json": 1,
  "test/icalp25/2502.08328_18_incomplete_64.json": 0,
  "test/icalp25/2502.08125_1_incomplete_28.json": 0,
  "test/icalp25/2502.09440_3_paraphrase_14.json": 1,
  "test/icalp25/2502.08125_2_incomplete_38.json": 1,
  "test/icalp25/2502.08328_14_error_109.json": 0,
  "test/icalp25/2502.08328_18_error_75.json": 1,
  "test/icalp25/2502.09440_3_original_7.json": 1,
  "test/icalp25/2410.09321_4_error_51.json": 0,
  "test/icalp25/2502.09440_4_original_9.json": 1,
  "test/icalp25/2502.08328_11_incomplete_59.json": 0,
  "test/icalp25/2502.08328_32_paraphrase_9.json": 1,
  "test/icalp25/2410.09321_10_switch_28.json": 1,
  "test/icalp25/2410.09321_6_incomplete_40.json": 0,
  "test/icalp25/2502.09440_2_original_8.json": 1,
  "test/icalp25/2502.09440_10_switch_27.json": 1,
  "test/icalp25/2410.09321_3_original_1.json": 1,
  "test/icalp25/2502.08328_21_incomplete_50.json": 1,
  "test/icalp25/2502.09440_6_error_55.json": 1,
  "test/icalp25/2502.08328_24_switch_61.json": 1,
  "test/icalp25/2410.09321_11_incomplete_27.json": 1,
  "test/icalp25/2502.08328_21_error_58.json": 0,
  "test/icalp25/2502.09440_7_switch_29.json": 1,
  "test/icalp25/2502.08125_6_incomplete_26.json": 0,
  "test/icalp25/2502.08125_1_paraphrase_10.json": 1,
  "test/icalp25/2410.09321_6_original_4.json": 1,
  "test/icalp25/2502.08125_2_original_0.json": 1,
  "test/icalp25/2502.08125_5_switch_22.json": 1,
  "test/icalp25/2502.08328_17_original_113.json": 1,
  "test/icalp25/2410.09321_5_error_38.json": 0,
  "test/icalp25/2502.08328_23_original_95.json": 0,
  "test/icalp25/2410.09321_10_error_58.json": 0,
  "test/icalp25/2502.08125_0_paraphrase_19.json": 1,
  "test/icalp25/2502.08328_32_switch_22.json": 0,
  "test/icalp25/2410.09321_4_paraphrase_12.json": 1,
  "test/icalp25/2502.08125_4_incomplete_32.json": 0,
  "test/icalp25/2410.09321_2_error_55.json": 0,
  "test/icalp25/2502.09440_5_switch_22.json": 1,
  "test/icalp25/2502.08125_3_incomplete_41.json": 1,
  "test/icalp25/2502.09440_7_error_57.json": 0,
  "test/icalp25/2502.08328_17_switch_68.json": 0,
  "test/icalp25/2502.08125_4_paraphrase_11.json": 1,
  "test/icalp25/2502.08328_27_paraphrase_81.json": 0,
  "test/icalp25/2502.08328_15_paraphrase_31.json": 1,
  "test/icalp25/2502.09440_5_incomplete_40.json": 0,
  "test/icalp25/2502.08328_25_incomplete_111.json": 0,
  "test/icalp25/2502.08328_24_paraphrase_36.json": 1,
  "test/icalp25/2502.08328_13_original_12.json": 1,
  "test/icalp25/2502.08328_17_incomplete_115.json": 0,
  "test/icalp25/2410.09321_11_switch_14.json": 1,
  "test/icalp25/2502.09440_6_paraphrase_16.json": 1,
  "test/icalp25/2502.09440_10_incomplete_34.json": 0,
  "test/icalp25/2502.09440_3_switch_21.json": 1,
  "test/icalp25/2502.08328_23_incomplete_129.json": 0,
  "test/icalp25/2502.08328_23_paraphrase_47.json": 0,
  "test/icalp25/2502.08328_20_error_83.json": 0,
  "test/icalp25/2410.09321_11_error_32.json": 0,
  "test/icalp25/2502.08125_5_paraphrase_17.json": 1,
  "test/icalp25/2410.09321_3_incomplete_48.json": 0,
  "test/icalp25/2410.09321_2_paraphrase_11.json": 1,
  "test/icalp25/2410.09321_10_paraphrase_23.json": 1,
  "test/icalp25/2502.08125_4_original_2.json": 1,
  "test/icalp25/2502.08125_0_incomplete_44.json": 0,
  "test/icalp25/2502.08328_20_incomplete_66.json": 0,
  "test/icalp25/2410.09321_7_error_52.json": 1,
  "test/icalp25/2502.09440_7_paraphrase_25.json": 1,
  "test/icalp25/2502.08328_16_switch_44.json": 1,
  "test/icalp25/2502.08125_2_error_43.json": 0,
  "test/icalp25/2502.09440_6_original_4.json": 1,
  "test/icalp25/2502.08125_4_error_37.json": 1,
  "test/icalp25/2502.08125_5_error_46.json": 1,
  "test/icalp25/2502.08328_28_error_107.json": 0,
  "test/icalp25/2410.09321_7_original_6.json": 1,
  "test/icalp25/2502.08328_25_paraphrase_33.json": 1,
  "test/icalp25/2502.08328_23_error_131.json": 0,
  "test/icalp25/2502.08125_3_paraphrase_18.json": 1,
  "test/icalp25/2502.08328_28_incomplete_95.json": 0,
  "test/icalp25/2502.08328_18_paraphrase_17.json": 1,
  "test/icalp25/2502.08328_20_paraphrase_20.json": 1,
  "test/icalp25/2502.08328_21_switch_121.json": 1,
  "test/icalp25/2502.09440_2_incomplete_42.json": 0,
  "test/icalp25/2502.09440_4_switch_18.json": 1,
  "test/icalp25/2502.08328_34_paraphrase_27.json": 1,
  "test/icalp25/2410.09321_9_paraphrase_18.json": 0,
  "test/icalp25/2410.09321_4_switch_34.json": 1,
  "test/icalp25/2502.09440_3_incomplete_44.json": 0,
  "test/icalp25/2410.09321_2_switch_21.json": 1,
  "test/icalp25/2502.08328_13_switch_78.json": 1,
  "test/icalp25/2502.09440_2_error_51.json": 0,
  "test/icalp25/2502.09440_10_error_37.json": 0,
  "test/icalp25/2502.08328_27_error_128.json": 0,
  "test/icalp25/2502.08125_0_error_47.json": 0,
  "test/icalp25/2502.08328_29_switch_55.json": 1,
  "test/icalp25/2502.08328_26_switch_52.json": 0,
  "test/icalp25/2502.09440_5_error_49.json": 1,
  "test/icalp25/2410.09321_3_error_53.json": 0,
  "test/icalp25/2410.09321_5_paraphrase_9.json": 1,
  "test/icalp25/2502.08125_0_switch_29.json": 0,
  "test/icalp25/2410.09321_5_original_0.json": 1,