{
  "2502.08125": {
    "1": {
      "grade": 1.0,
      "weight": 2.0
    },
    "2": {
      "grade": 0.6,
      "weight": 5.0
    },
    "3": {
      "grade": 0.6,
      "weight": 5.0
    },
    "4": {
      "grade": 0.6666666666666666,
      "weight": 3.0
    },
    "5": {
      "grade": 1.0,
      "weight": 1.0
    },
    "6": {
      "grade": 1.0,
      "weight": 1.0
    },
    "7": {
      "grade": 1.0,
      "weight": 1.0
    },
    "8": {
      "grade": 0.5,
      "weight": 2.0
    },
    "9": {
      "grade": 0.5,
      "weight": 2.0
    },
    "10": {
      "grade": 0.0,
      "weight": 1.0
    },
    "11": {
      "grade": 0.6666666666666666,
      "weight": 3.0
    },
    "12": {
      "grade": 1.0,
      "weight": 2.0
    }
  },
  "timestamp": "2025-09-17T16:23:35.176679"
}