{
  "test/ten_proofs/2502.08328_32_error_1.json": -1,
  "test/ten_proofs/2502.08328_32_incomplete_1.json": -1,
  "test/ten_proofs/2502.08328_32_switch_1.json": -1,
  "test/ten_proofs/2502.08328_32_paraphrase_1.json": 1,
  "test/ten_proofs/2502.08328_32_hallucination_1.json": 0,
  "test/ten_proofs/2502.08328_32_original_1.json": -1
}