{
  "test/ten_proofs/2502.08328_31_paraphrase_0.json": 0,
  "test/ten_proofs/2502.08328_31_hallucination_0.json": 1,
  "test/ten_proofs/2502.08328_31_incomplete_0.json": 1,
  "test/ten_proofs/2502.08328_31_original_0.json": 1,
  "test/ten_proofs/2502.08328_31_error_0.json": 0
}