{
  "test/ten_proofs/2502.08328_34_incomplete_3.json": 1,
  "test/ten_proofs/2502.08328_34_paraphrase_3.json": 1,
  "test/ten_proofs/2502.08328_34_switch_3.json": 1,
  "test/ten_proofs/2502.08328_34_hallucination_3.json": -1,
  "test/ten_proofs/2502.08328_34_original_3.json": 1,
  "test/ten_proofs/2502.08328_34_error_3.json": 0
}