{
  "test/ten_proofs/2502.08328_35_paraphrase_4.json": 0,
  "test/ten_proofs/2502.08328_35_hallucination_4.json": 0,
  "test/ten_proofs/2502.08328_35_switch_4.json": 0,
  "test/ten_proofs/2502.08328_35_original_4.json": 0,
  "test/ten_proofs/2502.08328_35_error_4.json": 0,
  "test/ten_proofs/2502.08328_35_incomplete_4.json": 0
}