{
  "test/ten_proofs/2502.08328_33_paraphrase_2.json": 1,
  "test/ten_proofs/2502.08328_33_error_2.json": 0,
  "test/ten_proofs/2502.08328_33_incomplete_2.json": 0,
  "test/ten_proofs/2502.08328_33_original_2.json": 0,
  "test/ten_proofs/2502.08328_33_hallucination_2.json": 0,
  "test/ten_proofs/2502.08328_33_switch_2.json": 1
}